thread,model,option,file,graph_id,node_id,node_name,predicted_ra_component_id,predicted_ra_component_name,node_score,check_constraints_log,avg_prompt_cost,total_llm_cost
5,chatgpt,2,mapping_AADL_Architecture_of_Smart_Parking_InformationServiceProvider_ISP_impl_1_aaxl2.json,AADL-Architecture-of-Smart-Parking-_InformationServiceProvider_ISP_impl_1.aaxl2,comp_sub_hw_bus,sub_hw_bus,comp.data,Data_Management_Layer,1.0,All constraints have been satisfied,707.774863,2123
5,chatgpt,2,mapping_AADL_Architecture_of_Smart_Parking_InformationServiceProvider_ISP_impl_1_aaxl2.json,AADL-Architecture-of-Smart-Parking-_InformationServiceProvider_ISP_impl_1.aaxl2,comp_sub_tic,sub_TIC,comp.business,Business_Logic_Layer,1.0,All constraints have been satisfied,707.774863,2123
5,chatgpt,2,mapping_AADL_Architecture_of_Smart_Parking_InformationServiceProvider_ISP_impl_1_aaxl2.json,AADL-Architecture-of-Smart-Parking-_InformationServiceProvider_ISP_impl_1.aaxl2,comp_collection,collection,comp.data,Data_Management_Layer,1.0,All constraints have been satisfied,707.774863,2123
5,chatgpt,2,mapping_AADL_Architecture_of_Smart_Parking_RSE_RSEOwner_impl_1_aaxl2.json,AADL-Architecture-of-Smart-Parking-_RSE_RSEOwner_impl_1.aaxl2,comp_rse_electric_charge_support_provider,RSE_ElectricChargeSupportProvider,comp.business,Business_Logic_Layer,1.0,All constraints have been satisfied,755.376201,3765
5,chatgpt,2,mapping_AADL_Architecture_of_Smart_Parking_RSE_RSEOwner_impl_1_aaxl2.json,AADL-Architecture-of-Smart-Parking-_RSE_RSEOwner_impl_1.aaxl2,comp_rse_workzone_safety_provider,RSE_WorkzoneSafetyProvider,comp.business,Business_Logic_Layer,1.0,All constraints have been satisfied,755.376201,3765
5,chatgpt,2,mapping_AADL_Architecture_of_Smart_Parking_RSE_RSEOwner_impl_1_aaxl2.json,AADL-Architecture-of-Smart-Parking-_RSE_RSEOwner_impl_1.aaxl2,comp_rse_travel_information_communication_provider,RSE_TravelInformationCommunicationProvider,comp.business,Business_Logic_Layer,1.0,All constraints have been satisfied,755.376201,3765
5,chatgpt,2,mapping_AADL_Architecture_of_Smart_Parking_RSE_RSEOwner_impl_1_aaxl2.json,AADL-Architecture-of-Smart-Parking-_RSE_RSEOwner_impl_1.aaxl2,comp_rse_traffic_metering_provider,RSE_TrafficMeteringProvider,comp.business,Business_Logic_Layer,1.0,All constraints have been satisfied,755.376201,3765
5,chatgpt,2,mapping_AADL_Architecture_of_Smart_Parking_RSE_RSEOwner_impl_1_aaxl2.json,AADL-Architecture-of-Smart-Parking-_RSE_RSEOwner_impl_1.aaxl2,comp_rse_speed_management_provider,RSE_SpeedManagementProvider,comp.business,Business_Logic_Layer,1.0,All constraints have been satisfied,755.376201,3765
5,chatgpt,2,mapping_AADL_Architecture_of_Smart_Parking_SmartParkingSystem_tispSys_impl_1_aaxl2.json,AADL-Architecture-of-Smart-Parking-_SmartParkingSystem_tispSys_impl_1.aaxl2,comp_system,SYSTEM,comp.business,Business_Logic_Layer,1.0,All constraints have been satisfied,719.306548,9453
5,chatgpt,2,mapping_AADL_Architecture_of_Smart_Parking_SmartParkingSystem_tispSys_impl_1_aaxl2.json,AADL-Architecture-of-Smart-Parking-_SmartParkingSystem_tispSys_impl_1.aaxl2,comp_sub_driver,sub_driver,comp.business,Business_Logic_Layer,1.0,All constraints have been satisfied,719.306548,9453
5,chatgpt,2,mapping_AADL_Architecture_of_Smart_Parking_SmartParkingSystem_tispSys_impl_1_aaxl2.json,AADL-Architecture-of-Smart-Parking-_SmartParkingSystem_tispSys_impl_1.aaxl2,comp_sub_hardware_comm,sub_hardwareComm,comp.data,Data_Management_Layer,1.0,All constraints have been satisfied,719.306548,9453
5,chatgpt,2,mapping_AADL_Architecture_of_Smart_Parking_SmartParkingSystem_tispSys_impl_1_aaxl2.json,AADL-Architecture-of-Smart-Parking-_SmartParkingSystem_tispSys_impl_1.aaxl2,comp_sub_vehicle_obe,sub_vehicleOBE,comp.business,Business_Logic_Layer,1.0,All constraints have been satisfied,719.306548,9453
5,chatgpt,2,mapping_AADL_Architecture_of_Smart_Parking_SmartParkingSystem_tispSys_impl_1_aaxl2.json,AADL-Architecture-of-Smart-Parking-_SmartParkingSystem_tispSys_impl_1.aaxl2,comp_sub_roadside_obe,sub_roadsideOBE,comp.business,Business_Logic_Layer,0.0,All constraints have been satisfied,719.306548,9453
5,chatgpt,2,mapping_AADL_Architecture_of_Smart_Parking_SmartParkingSystem_tispSys_impl_1_aaxl2.json,AADL-Architecture-of-Smart-Parking-_SmartParkingSystem_tispSys_impl_1.aaxl2,comp_sub_parking_manager,sub_parkingManager,comp.business,Business_Logic_Layer,1.0,All constraints have been satisfied,719.306548,9453
5,chatgpt,2,mapping_AADL_Architecture_of_Smart_Parking_SmartParkingSystem_tispSys_impl_1_aaxl2.json,AADL-Architecture-of-Smart-Parking-_SmartParkingSystem_tispSys_impl_1.aaxl2,comp_sub_rse_electric_charge_support_provider,sub_RSE_ElectricChargeSupportProvider,comp.business,Business_Logic_Layer,1.0,All constraints have been satisfied,719.306548,9453
5,chatgpt,2,mapping_AADL_Architecture_of_Smart_Parking_SmartParkingSystem_tispSys_impl_1_aaxl2.json,AADL-Architecture-of-Smart-Parking-_SmartParkingSystem_tispSys_impl_1.aaxl2,comp_sub_rse_workzone_safety_provider,sub_RSE_WorkzoneSafetyProvider,comp.business,Business_Logic_Layer,1.0,All constraints have been satisfied,719.306548,9453
5,chatgpt,2,mapping_AADL_Architecture_of_Smart_Parking_SmartParkingSystem_tispSys_impl_1_aaxl2.json,AADL-Architecture-of-Smart-Parking-_SmartParkingSystem_tispSys_impl_1.aaxl2,comp_sub_rse_travel_information_communication_provider,sub_RSE_TravelInformationCommunicationProvider,comp.business,Business_Logic_Layer,1.0,All constraints have been satisfied,719.306548,9453
5,chatgpt,2,mapping_AADL_Architecture_of_Smart_Parking_SmartParkingSystem_tispSys_impl_1_aaxl2.json,AADL-Architecture-of-Smart-Parking-_SmartParkingSystem_tispSys_impl_1.aaxl2,comp_sub_rse_traffic_metering_provider,sub_RSE_TrafficMeteringProvider,comp.business,Business_Logic_Layer,1.0,All constraints have been satisfied,719.306548,9453
5,chatgpt,2,mapping_AADL_Architecture_of_Smart_Parking_SmartParkingSystem_tispSys_impl_1_aaxl2.json,AADL-Architecture-of-Smart-Parking-_SmartParkingSystem_tispSys_impl_1.aaxl2,comp_sub_rse_speed_management_provider,sub_RSE_SpeedManagementProvider,comp.business,Business_Logic_Layer,1.0,All constraints have been satisfied,719.306548,9453
5,chatgpt,2,mapping_AADL_Architecture_of_Smart_Parking_SmartParkingSystem_tispSys_impl_1_aaxl2.json,AADL-Architecture-of-Smart-Parking-_SmartParkingSystem_tispSys_impl_1.aaxl2,comp_sub_tic,sub_TIC,comp.business,Business_Logic_Layer,1.0,All constraints have been satisfied,719.306548,9453
5,chatgpt,2,mapping_AADL_Architecture_of_Smart_Parking_SmartParkingSystem_tispSys_impl_1_aaxl2.json,AADL-Architecture-of-Smart-Parking-_SmartParkingSystem_tispSys_impl_1.aaxl2,comp_collection,collection,comp.data,Data_Management_Layer,1.0,All constraints have been satisfied,719.306548,9453
5,chatgpt,2,mapping_AADL_SmartParkingApplication_InformationServiceProvider_ISP_impl_1_aaxl2.json,AADL-SmartParkingApplication_InformationServiceProvider_ISP_impl_1.aaxl2,comp_sub_hw_bus,sub_hw_bus,comp.data,Data_Management_Layer,1.0,All constraints have been satisfied,742.076747,4480
5,chatgpt,2,mapping_AADL_SmartParkingApplication_InformationServiceProvider_ISP_impl_1_aaxl2.json,AADL-SmartParkingApplication_InformationServiceProvider_ISP_impl_1.aaxl2,comp_sub_tic,sub_TIC,comp.business,Business_Logic_Layer,1.0,All constraints have been satisfied,742.076747,4480
5,chatgpt,2,mapping_AADL_SmartParkingApplication_InformationServiceProvider_ISP_impl_1_aaxl2.json,AADL-SmartParkingApplication_InformationServiceProvider_ISP_impl_1.aaxl2,comp_collection,collection,comp.data,Data_Management_Layer,1.0,All constraints have been satisfied,742.076747,4480
5,chatgpt,2,mapping_AADL_SmartParkingApplication_RSE_RSEOwner_impl_1_aaxl2.json,AADL-SmartParkingApplication_RSE_RSEOwner_impl_1.aaxl2,comp_rse_electric_charge_support_provider,RSE_ElectricChargeSupportProvider,comp.business,Business_Logic_Layer,1.0,All constraints have been satisfied,745.935966,3718
5,chatgpt,2,mapping_AADL_SmartParkingApplication_RSE_RSEOwner_impl_1_aaxl2.json,AADL-SmartParkingApplication_RSE_RSEOwner_impl_1.aaxl2,comp_rse_workzone_safety_provider,RSE_WorkzoneSafetyProvider,comp.business,Business_Logic_Layer,1.0,All constraints have been satisfied,745.935966,3718
5,chatgpt,2,mapping_AADL_SmartParkingApplication_RSE_RSEOwner_impl_1_aaxl2.json,AADL-SmartParkingApplication_RSE_RSEOwner_impl_1.aaxl2,comp_rse_travel_information_communication_provider,RSE_TravelInformationCommunicationProvider,comp.business,Business_Logic_Layer,1.0,All constraints have been satisfied,745.935966,3718
5,chatgpt,2,mapping_AADL_SmartParkingApplication_RSE_RSEOwner_impl_1_aaxl2.json,AADL-SmartParkingApplication_RSE_RSEOwner_impl_1.aaxl2,comp_rse_traffic_metering_provider,RSE_TrafficMeteringProvider,comp.data,Data_Management_Layer,0.0,All constraints have been satisfied,745.935966,3718
5,chatgpt,2,mapping_AADL_SmartParkingApplication_RSE_RSEOwner_impl_1_aaxl2.json,AADL-SmartParkingApplication_RSE_RSEOwner_impl_1.aaxl2,comp_rse_speed_management_provider,RSE_SpeedManagementProvider,comp.business,Business_Logic_Layer,1.0,All constraints have been satisfied,745.935966,3718
5,chatgpt,2,mapping_AADL_SmartParkingApplication_SmartParkingSystem_tispSys_impl_1_aaxl2.json,AADL-SmartParkingApplication_SmartParkingSystem_tispSys_impl_1.aaxl2,comp_system,SYSTEM,comp.business,Business_Logic_Layer,1.0,All constraints have been satisfied,719.665478,9424
5,chatgpt,2,mapping_AADL_SmartParkingApplication_SmartParkingSystem_tispSys_impl_1_aaxl2.json,AADL-SmartParkingApplication_SmartParkingSystem_tispSys_impl_1.aaxl2,comp_sub_driver,sub_driver,comp.business,Business_Logic_Layer,1.0,All constraints have been satisfied,719.665478,9424
5,chatgpt,2,mapping_AADL_SmartParkingApplication_SmartParkingSystem_tispSys_impl_1_aaxl2.json,AADL-SmartParkingApplication_SmartParkingSystem_tispSys_impl_1.aaxl2,comp_sub_hardware_comm,sub_hardwareComm,comp.data,Data_Management_Layer,1.0,All constraints have been satisfied,719.665478,9424
5,chatgpt,2,mapping_AADL_SmartParkingApplication_SmartParkingSystem_tispSys_impl_1_aaxl2.json,AADL-SmartParkingApplication_SmartParkingSystem_tispSys_impl_1.aaxl2,comp_sub_vehicle_obe,sub_vehicleOBE,comp.business,Business_Logic_Layer,1.0,All constraints have been satisfied,719.665478,9424
5,chatgpt,2,mapping_AADL_SmartParkingApplication_SmartParkingSystem_tispSys_impl_1_aaxl2.json,AADL-SmartParkingApplication_SmartParkingSystem_tispSys_impl_1.aaxl2,comp_sub_roadside_obe,sub_roadsideOBE,comp.business,Business_Logic_Layer,0.0,All constraints have been satisfied,719.665478,9424
5,chatgpt,2,mapping_AADL_SmartParkingApplication_SmartParkingSystem_tispSys_impl_1_aaxl2.json,AADL-SmartParkingApplication_SmartParkingSystem_tispSys_impl_1.aaxl2,comp_sub_parking_manager,sub_parkingManager,comp.business,Business_Logic_Layer,1.0,All constraints have been satisfied,719.665478,9424
5,chatgpt,2,mapping_AADL_SmartParkingApplication_SmartParkingSystem_tispSys_impl_1_aaxl2.json,AADL-SmartParkingApplication_SmartParkingSystem_tispSys_impl_1.aaxl2,comp_sub_rse_electric_charge_support_provider,sub_RSE_ElectricChargeSupportProvider,comp.business,Business_Logic_Layer,1.0,All constraints have been satisfied,719.665478,9424
5,chatgpt,2,mapping_AADL_SmartParkingApplication_SmartParkingSystem_tispSys_impl_1_aaxl2.json,AADL-SmartParkingApplication_SmartParkingSystem_tispSys_impl_1.aaxl2,comp_sub_rse_workzone_safety_provider,sub_RSE_WorkzoneSafetyProvider,comp.business,Business_Logic_Layer,1.0,All constraints have been satisfied,719.665478,9424
5,chatgpt,2,mapping_AADL_SmartParkingApplication_SmartParkingSystem_tispSys_impl_1_aaxl2.json,AADL-SmartParkingApplication_SmartParkingSystem_tispSys_impl_1.aaxl2,comp_sub_rse_travel_information_communication_provider,sub_RSE_TravelInformationCommunicationProvider,comp.business,Business_Logic_Layer,1.0,All constraints have been satisfied,719.665478,9424
5,chatgpt,2,mapping_AADL_SmartParkingApplication_SmartParkingSystem_tispSys_impl_1_aaxl2.json,AADL-SmartParkingApplication_SmartParkingSystem_tispSys_impl_1.aaxl2,comp_sub_rse_traffic_metering_provider,sub_RSE_TrafficMeteringProvider,comp.business,Business_Logic_Layer,1.0,All constraints have been satisfied,719.665478,9424
5,chatgpt,2,mapping_AADL_SmartParkingApplication_SmartParkingSystem_tispSys_impl_1_aaxl2.json,AADL-SmartParkingApplication_SmartParkingSystem_tispSys_impl_1.aaxl2,comp_sub_rse_speed_management_provider,sub_RSE_SpeedManagementProvider,comp.business,Business_Logic_Layer,1.0,All constraints have been satisfied,719.665478,9424
5,chatgpt,2,mapping_AADL_SmartParkingApplication_SmartParkingSystem_tispSys_impl_1_aaxl2.json,AADL-SmartParkingApplication_SmartParkingSystem_tispSys_impl_1.aaxl2,comp_sub_tic,sub_TIC,comp.business,Business_Logic_Layer,1.0,All constraints have been satisfied,719.665478,9424
5,chatgpt,2,mapping_AADL_SmartParkingApplication_SmartParkingSystem_tispSys_impl_1_aaxl2.json,AADL-SmartParkingApplication_SmartParkingSystem_tispSys_impl_1.aaxl2,comp_collection,collection,comp.data,Data_Management_Layer,1.0,All constraints have been satisfied,719.665478,9424
5,chatgpt,2,mapping_AadlProjects_smartparking_RSEparkmgmt_impl_1_aaxl2.json,AadlProjects_smartparking_RSEparkmgmt_impl_1.aaxl2,comp_system,SYSTEM,comp.business,Business_Logic_Layer,1.0,All constraints have been satisfied,707.221612,3546
5,chatgpt,2,mapping_AadlProjects_smartparking_RSEparkmgmt_impl_1_aaxl2.json,AadlProjects_smartparking_RSEparkmgmt_impl_1.aaxl2,comp_vehdata,vehdata,comp.data,Data_Management_Layer,1.0,All constraints have been satisfied,707.221612,3546
5,chatgpt,2,mapping_AadlProjects_smartparking_RSEparkmgmt_impl_1_aaxl2.json,AadlProjects_smartparking_RSEparkmgmt_impl_1.aaxl2,comp_loc_identity,loc_identity,comp.business,Business_Logic_Layer,1.0,All constraints have been satisfied,707.221612,3546
5,chatgpt,2,mapping_AadlProjects_smartparking_RSEparkmgmt_impl_1_aaxl2.json,AadlProjects_smartparking_RSEparkmgmt_impl_1.aaxl2,comp_veh_paymt,veh_paymt,comp.business,Business_Logic_Layer,1.0,All constraints have been satisfied,707.221612,3546
5,chatgpt,2,mapping_AadlProjects_smartparking_RSEparkmgmt_impl_1_aaxl2.json,AadlProjects_smartparking_RSEparkmgmt_impl_1.aaxl2,comp_rsideparkcomm,Rsideparkcomm,comp.business,Business_Logic_Layer,1.0,All constraints have been satisfied,707.221612,3546
5,chatgpt,2,mapping_AadlProjects_smartparking_SmartParkingSystem_impl_1_aaxl2.json,AadlProjects_smartparking_SmartParkingSystem_impl_1.aaxl2,comp_parkmgmtsys,parkmgmtsys,comp.business,Business_Logic_Layer,1.0,All constraints have been satisfied,712.750400,38601
5,chatgpt,2,mapping_AadlProjects_smartparking_SmartParkingSystem_impl_1_aaxl2.json,AadlProjects_smartparking_SmartParkingSystem_impl_1.aaxl2,comp_parkmgmt,parkmgmt,comp.business,Business_Logic_Layer,1.0,All constraints have been satisfied,712.750400,38601
5,chatgpt,2,mapping_AadlProjects_smartparking_SmartParkingSystem_impl_1_aaxl2.json,AadlProjects_smartparking_SmartParkingSystem_impl_1.aaxl2,comp_dynparklot,dynparklot,comp.business,Business_Logic_Layer,1.0,All constraints have been satisfied,712.750400,38601
5,chatgpt,2,mapping_AadlProjects_smartparking_SmartParkingSystem_impl_1_aaxl2.json,AadlProjects_smartparking_SmartParkingSystem_impl_1.aaxl2,comp_park_lot_occupancy,park_lot_occupancy,comp.business,Business_Logic_Layer,1.0,All constraints have been satisfied,712.750400,38601
5,chatgpt,2,mapping_AadlProjects_smartparking_SmartParkingSystem_impl_1_aaxl2.json,AadlProjects_smartparking_SmartParkingSystem_impl_1.aaxl2,comp_detectveh,detectveh,comp.business,Business_Logic_Layer,1.0,All constraints have been satisfied,712.750400,38601
5,chatgpt,2,mapping_AadlProjects_smartparking_SmartParkingSystem_impl_1_aaxl2.json,AadlProjects_smartparking_SmartParkingSystem_impl_1.aaxl2,comp_manageparkreserv,manageparkreserv,comp.business,Business_Logic_Layer,1.0,All constraints have been satisfied,712.750400,38601
5,chatgpt,2,mapping_AadlProjects_smartparking_SmartParkingSystem_impl_1_aaxl2.json,AadlProjects_smartparking_SmartParkingSystem_impl_1.aaxl2,comp_park_lot_spaces,park_lot_spaces,comp.business,Business_Logic_Layer,1.0,All constraints have been satisfied,712.750400,38601
5,chatgpt,2,mapping_AadlProjects_smartparking_SmartParkingSystem_impl_1_aaxl2.json,AadlProjects_smartparking_SmartParkingSystem_impl_1.aaxl2,comp_parkelecpaymt,parkelecpaymt,comp.business,Business_Logic_Layer,1.0,All constraints have been satisfied,712.750400,38601
5,chatgpt,2,mapping_AadlProjects_smartparking_SmartParkingSystem_impl_1_aaxl2.json,AadlProjects_smartparking_SmartParkingSystem_impl_1.aaxl2,comp_billdriver,billdriver,comp.business,Business_Logic_Layer,1.0,All constraints have been satisfied,712.750400,38601
5,chatgpt,2,mapping_AadlProjects_smartparking_SmartParkingSystem_impl_1_aaxl2.json,AadlProjects_smartparking_SmartParkingSystem_impl_1.aaxl2,comp_parking_cost,parking_cost,comp.business,Business_Logic_Layer,1.0,All constraints have been satisfied,712.750400,38601
5,chatgpt,2,mapping_AadlProjects_smartparking_SmartParkingSystem_impl_1_aaxl2.json,AadlProjects_smartparking_SmartParkingSystem_impl_1.aaxl2,comp_updateparkdata,updateparkdata,comp.data,Data_Management_Layer,1.0,All constraints have been satisfied,712.750400,38601
5,chatgpt,2,mapping_AadlProjects_smartparking_SmartParkingSystem_impl_1_aaxl2.json,AadlProjects_smartparking_SmartParkingSystem_impl_1.aaxl2,comp_spaces,spaces,comp.business,Business_Logic_Layer,1.0,All constraints have been satisfied,712.750400,38601
5,chatgpt,2,mapping_AadlProjects_smartparking_SmartParkingSystem_impl_1_aaxl2.json,AadlProjects_smartparking_SmartParkingSystem_impl_1.aaxl2,comp_roadsideequip,roadsideequip,comp.business,Business_Logic_Layer,0.0,All constraints have been satisfied,712.750400,38601
5,chatgpt,2,mapping_AadlProjects_smartparking_SmartParkingSystem_impl_1_aaxl2.json,AadlProjects_smartparking_SmartParkingSystem_impl_1.aaxl2,comp_rseparkmgmt,RSEparkmgmt,comp.business,Business_Logic_Layer,1.0,All constraints have been satisfied,712.750400,38601
5,chatgpt,2,mapping_AadlProjects_smartparking_SmartParkingSystem_impl_1_aaxl2.json,AadlProjects_smartparking_SmartParkingSystem_impl_1.aaxl2,comp_vehdata,vehdata,comp.data,Data_Management_Layer,1.0,All constraints have been satisfied,712.750400,38601
5,chatgpt,2,mapping_AadlProjects_smartparking_SmartParkingSystem_impl_1_aaxl2.json,AadlProjects_smartparking_SmartParkingSystem_impl_1.aaxl2,comp_loc_identity,loc_identity,comp.data,Data_Management_Layer,0.0,All constraints have been satisfied,712.750400,38601
5,chatgpt,2,mapping_AadlProjects_smartparking_SmartParkingSystem_impl_1_aaxl2.json,AadlProjects_smartparking_SmartParkingSystem_impl_1.aaxl2,comp_veh_paymt,veh_paymt,comp.business,Business_Logic_Layer,1.0,All constraints have been satisfied,712.750400,38601
5,chatgpt,2,mapping_AadlProjects_smartparking_SmartParkingSystem_impl_1_aaxl2.json,AadlProjects_smartparking_SmartParkingSystem_impl_1.aaxl2,comp_rsideparkcomm,Rsideparkcomm,comp.business,Business_Logic_Layer,1.0,All constraints have been satisfied,712.750400,38601
5,chatgpt,2,mapping_AadlProjects_smartparking_SmartParkingSystem_impl_1_aaxl2.json,AadlProjects_smartparking_SmartParkingSystem_impl_1.aaxl2,comp_transinfoctr,transinfoctr,comp.business,Business_Logic_Layer,1.0,All constraints have been satisfied,712.750400,38601
5,chatgpt,2,mapping_AadlProjects_smartparking_SmartParkingSystem_impl_1_aaxl2.json,AadlProjects_smartparking_SmartParkingSystem_impl_1.aaxl2,comp_ticinteractv_trav_info,TICInteractvTravInfo,comp.presentation,Presentation_Layer,0.0,All constraints have been satisfied,712.750400,38601
5,chatgpt,2,mapping_AadlProjects_smartparking_SmartParkingSystem_impl_1_aaxl2.json,AadlProjects_smartparking_SmartParkingSystem_impl_1.aaxl2,comp_trav_profiles,trav_profiles,comp.business,Business_Logic_Layer,1.0,All constraints have been satisfied,712.750400,38601
5,chatgpt,2,mapping_AadlProjects_smartparking_SmartParkingSystem_impl_1_aaxl2.json,AadlProjects_smartparking_SmartParkingSystem_impl_1.aaxl2,comp_trav_info,trav_info,comp.data,Data_Management_Layer,0.0,All constraints have been satisfied,712.750400,38601
5,chatgpt,2,mapping_AadlProjects_smartparking_SmartParkingSystem_impl_1_aaxl2.json,AadlProjects_smartparking_SmartParkingSystem_impl_1.aaxl2,comp_ticdata_coll,TICDataColl,comp.data,Data_Management_Layer,1.0,All constraints have been satisfied,712.750400,38601
5,chatgpt,2,mapping_AadlProjects_smartparking_SmartParkingSystem_impl_1_aaxl2.json,AadlProjects_smartparking_SmartParkingSystem_impl_1.aaxl2,comp_misctravinfo,misctravinfo,comp.business,Business_Logic_Layer,1.0,All constraints have been satisfied,712.750400,38601
5,chatgpt,2,mapping_AadlProjects_smartparking_SmartParkingSystem_impl_1_aaxl2.json,AadlProjects_smartparking_SmartParkingSystem_impl_1.aaxl2,comp_traff_data_trav,traff_data_trav,comp.data,Data_Management_Layer,1.0,All constraints have been satisfied,712.750400,38601
5,chatgpt,2,mapping_AadlProjects_smartparking_SmartParkingSystem_impl_1_aaxl2.json,AadlProjects_smartparking_SmartParkingSystem_impl_1.aaxl2,comp_trafficdata,trafficdata,comp.data,Data_Management_Layer,1.0,All constraints have been satisfied,712.750400,38601
5,chatgpt,2,mapping_AadlProjects_smartparking_SmartParkingSystem_impl_1_aaxl2.json,AadlProjects_smartparking_SmartParkingSystem_impl_1.aaxl2,comp_pricedata,pricedata,comp.data,Data_Management_Layer,1.0,All constraints have been satisfied,712.750400,38601
5,chatgpt,2,mapping_AadlProjects_smartparking_SmartParkingSystem_impl_1_aaxl2.json,AadlProjects_smartparking_SmartParkingSystem_impl_1.aaxl2,comp_vehicleobe,vehicleobe,comp.business,Business_Logic_Layer,1.0,All constraints have been satisfied,712.750400,38601
5,chatgpt,2,mapping_AadlProjects_smartparking_SmartParkingSystem_impl_1_aaxl2.json,AadlProjects_smartparking_SmartParkingSystem_impl_1.aaxl2,comp_vehbasesafe,vehbasesafe,comp.security,Security,0.0,All constraints have been satisfied,712.750400,38601
5,chatgpt,2,mapping_AadlProjects_smartparking_SmartParkingSystem_impl_1_aaxl2.json,AadlProjects_smartparking_SmartParkingSystem_impl_1.aaxl2,comp_communicationremote,communicationremote,comp.business,Business_Logic_Layer,1.0,All constraints have been satisfied,712.750400,38601
5,chatgpt,2,mapping_AadlProjects_smartparking_SmartParkingSystem_impl_1_aaxl2.json,AadlProjects_smartparking_SmartParkingSystem_impl_1.aaxl2,comp_deviceidentity,deviceidentity,comp.security,Security,0.0,All constraints have been satisfied,712.750400,38601
5,chatgpt,2,mapping_AadlProjects_smartparking_SmartParkingSystem_impl_1_aaxl2.json,AadlProjects_smartparking_SmartParkingSystem_impl_1.aaxl2,comp_driverguidanceinterface,driverguidanceinterface,comp.presentation,Presentation_Layer,1.0,All constraints have been satisfied,712.750400,38601
5,chatgpt,2,mapping_AadlProjects_smartparking_SmartParkingSystem_impl_1_aaxl2.json,AadlProjects_smartparking_SmartParkingSystem_impl_1.aaxl2,comp_fromdriver,fromdriver,comp.business,Business_Logic_Layer,1.0,All constraints have been satisfied,712.750400,38601
5,chatgpt,2,mapping_AadlProjects_smartparking_SmartParkingSystem_impl_1_aaxl2.json,AadlProjects_smartparking_SmartParkingSystem_impl_1.aaxl2,comp_confirmation,confirmation,comp.presentation,Presentation_Layer,0.0,All constraints have been satisfied,712.750400,38601
5,chatgpt,2,mapping_AadlProjects_smartparking_SmartParkingSystem_impl_1_aaxl2.json,AadlProjects_smartparking_SmartParkingSystem_impl_1.aaxl2,comp_vehiclelocationdata,vehiclelocationdata,comp.data,Data_Management_Layer,1.0,All constraints have been satisfied,712.750400,38601
5,chatgpt,2,mapping_AadlProjects_smartparking_SmartParkingSystem_impl_1_aaxl2.json,AadlProjects_smartparking_SmartParkingSystem_impl_1.aaxl2,comp_vehicleloc,vehicleloc,comp.data,Data_Management_Layer,0.0,All constraints have been satisfied,712.750400,38601
5,chatgpt,2,mapping_AadlProjects_smartparking_SmartParkingSystem_impl_1_aaxl2.json,AadlProjects_smartparking_SmartParkingSystem_impl_1.aaxl2,comp_driverinformationinterface,driverinformationinterface,comp.presentation,Presentation_Layer,1.0,All constraints have been satisfied,712.750400,38601
5,chatgpt,2,mapping_AadlProjects_smartparking_SmartParkingSystem_impl_1_aaxl2.json,AadlProjects_smartparking_SmartParkingSystem_impl_1.aaxl2,comp_persidentity,persidentity,comp.security,Security,0.0,All constraints have been satisfied,712.750400,38601
5,chatgpt,2,mapping_AadlProjects_smartparking_SmartParkingSystem_impl_1_aaxl2.json,AadlProjects_smartparking_SmartParkingSystem_impl_1.aaxl2,comp_communicationsupport,communicationsupport,comp.business,Business_Logic_Layer,1.0,All constraints have been satisfied,712.750400,38601
5,chatgpt,2,mapping_AadlProjects_smartparking_SmartParkingSystem_impl_1_aaxl2.json,AadlProjects_smartparking_SmartParkingSystem_impl_1.aaxl2,comp_vehiclesecurecommunication,vehiclesecurecommunication,comp.security,Security,0.0,All constraints have been satisfied,712.750400,38601
5,chatgpt,2,mapping_AadlProjects_smartparking_SmartParkingSystem_impl_1_aaxl2.json,AadlProjects_smartparking_SmartParkingSystem_impl_1.aaxl2,comp_parkingsystem,parkingsystem,comp.business,Business_Logic_Layer,1.0,All constraints have been satisfied,712.750400,38601
5,chatgpt,2,mapping_AadlProjects_smartparking_SmartParkingSystem_impl_1_aaxl2.json,AadlProjects_smartparking_SmartParkingSystem_impl_1.aaxl2,comp_paymentdeviceinterface,paymentdeviceinterface,comp.business,Business_Logic_Layer,1.0,All constraints have been satisfied,712.750400,38601
5,chatgpt,2,mapping_AadlProjects_smartparking_SmartParkingSystem_impl_1_aaxl2.json,AadlProjects_smartparking_SmartParkingSystem_impl_1.aaxl2,comp_roadsideinforeception,roadsideinforeception,comp.data,Data_Management_Layer,0.0,All constraints have been satisfied,712.750400,38601
5,chatgpt,2,mapping_AadlProjects_smartparking_SmartParkingSystem_impl_1_aaxl2.json,AadlProjects_smartparking_SmartParkingSystem_impl_1.aaxl2,comp_vehiclelocdata,vehiclelocdata,comp.data,Data_Management_Layer,1.0,All constraints have been satisfied,712.750400,38601
5,chatgpt,2,mapping_AadlProjects_smartparking_SmartParkingSystem_impl_1_aaxl2.json,AadlProjects_smartparking_SmartParkingSystem_impl_1.aaxl2,comp_vehiclenavmapdatabase,vehiclenavmapdatabase,comp.data,Data_Management_Layer,1.0,All constraints have been satisfied,712.750400,38601
5,chatgpt,2,mapping_AadlProjects_smartparking_SmartParkingSystem_impl_1_aaxl2.json,AadlProjects_smartparking_SmartParkingSystem_impl_1.aaxl2,comp_driverpersonalreq,driverpersonalreq,comp.business,Business_Logic_Layer,1.0,All constraints have been satisfied,712.750400,38601
5,chatgpt,2,mapping_AadlProjects_smartparking_SmartParkingSystem_impl_1_aaxl2.json,AadlProjects_smartparking_SmartParkingSystem_impl_1.aaxl2,comp_driver,driver,comp.business,Business_Logic_Layer,1.0,All constraints have been satisfied,712.750400,38601
5,chatgpt,2,mapping_AadlProjects_smartparking_SmartParkingSystem_impl_1_aaxl2.json,AadlProjects_smartparking_SmartParkingSystem_impl_1.aaxl2,comp_persinfodev,persinfodev,comp.security,Security,0.0,All constraints have been satisfied,712.750400,38601
5,chatgpt,2,mapping_AadlProjects_smartparking_SmartParkingSystem_impl_1_aaxl2.json,AadlProjects_smartparking_SmartParkingSystem_impl_1.aaxl2,comp_pers_interactv_trav_info,persInteractvTravInfo,comp.presentation,Presentation_Layer,0.0,All constraints have been satisfied,712.750400,38601
5,chatgpt,2,mapping_AadlProjects_smartparking_SmartParkingSystem_impl_1_aaxl2.json,AadlProjects_smartparking_SmartParkingSystem_impl_1.aaxl2,comp_personal_info,personal_info,comp.security,Security,0.0,All constraints have been satisfied,712.750400,38601
5,chatgpt,2,mapping_AadlProjects_smartparking_SmartParkingSystem_impl_1_aaxl2.json,AadlProjects_smartparking_SmartParkingSystem_impl_1.aaxl2,comp_info_thread,info_thread,comp.business,Business_Logic_Layer,1.0,All constraints have been satisfied,712.750400,38601
5,chatgpt,2,mapping_AadlProjects_smartparking_SmartParkingSystem_impl_1_aaxl2.json,AadlProjects_smartparking_SmartParkingSystem_impl_1.aaxl2,comp_personallocmanagement,personallocmanagement,comp.business,Business_Logic_Layer,1.0,All constraints have been satisfied,712.750400,38601
5,chatgpt,2,mapping_AadlProjects_smartparking_SmartParkingSystem_impl_1_aaxl2.json,AadlProjects_smartparking_SmartParkingSystem_impl_1.aaxl2,comp_travnavmapdatabase,travnavmapdatabase,comp.data,Data_Management_Layer,1.0,All constraints have been satisfied,712.750400,38601
5,chatgpt,2,mapping_AadlProjects_smartparking_SmartParkingSystem_impl_1_aaxl2.json,AadlProjects_smartparking_SmartParkingSystem_impl_1.aaxl2,comp_driverloc,driverloc,comp.business,Business_Logic_Layer,1.0,All constraints have been satisfied,712.750400,38601
5,chatgpt,2,mapping_AadlProjects_smartparking_TICDataColl_impl_1_aaxl2.json,AadlProjects_smartparking_TICDataColl_impl_1.aaxl2,comp_system,SYSTEM,comp.business,Business_Logic_Layer,1.0,All constraints have been satisfied,703.395698,3542
5,chatgpt,2,mapping_AadlProjects_smartparking_TICDataColl_impl_1_aaxl2.json,AadlProjects_smartparking_TICDataColl_impl_1.aaxl2,comp_misctravinfo,misctravinfo,comp.business,Business_Logic_Layer,1.0,All constraints have been satisfied,703.395698,3542
5,chatgpt,2,mapping_AadlProjects_smartparking_TICDataColl_impl_1_aaxl2.json,AadlProjects_smartparking_TICDataColl_impl_1.aaxl2,comp_traff_data_trav,traff_data_trav,comp.data,Data_Management_Layer,1.0,All constraints have been satisfied,703.395698,3542
5,chatgpt,2,mapping_AadlProjects_smartparking_TICDataColl_impl_1_aaxl2.json,AadlProjects_smartparking_TICDataColl_impl_1.aaxl2,comp_trafficdata,trafficdata,comp.data,Data_Management_Layer,1.0,All constraints have been satisfied,703.395698,3542
5,chatgpt,2,mapping_AadlProjects_smartparking_TICDataColl_impl_1_aaxl2.json,AadlProjects_smartparking_TICDataColl_impl_1.aaxl2,comp_pricedata,pricedata,comp.data,Data_Management_Layer,1.0,All constraints have been satisfied,703.395698,3542
5,chatgpt,2,mapping_AadlProjects_smartparking_TICInteractvTravInfo_impl_1_aaxl2.json,AadlProjects_smartparking_TICInteractvTravInfo_impl_1.aaxl2,comp_system,SYSTEM,comp.presentation,Presentation_Layer,0.0,All constraints have been satisfied,704.118080,2123
5,chatgpt,2,mapping_AadlProjects_smartparking_TICInteractvTravInfo_impl_1_aaxl2.json,AadlProjects_smartparking_TICInteractvTravInfo_impl_1.aaxl2,comp_trav_profiles,trav_profiles,comp.business,Business_Logic_Layer,1.0,All constraints have been satisfied,704.118080,2123
5,chatgpt,2,mapping_AadlProjects_smartparking_TICInteractvTravInfo_impl_1_aaxl2.json,AadlProjects_smartparking_TICInteractvTravInfo_impl_1.aaxl2,comp_trav_info,trav_info,comp.business,Business_Logic_Layer,1.0,All constraints have been satisfied,704.118080,2123
5,chatgpt,2,mapping_AadlProjects_smartparking_communicationsupport_impl_1_aaxl2.json,AadlProjects_smartparking_communicationsupport_impl_1.aaxl2,comp_vehiclesecurecommunication,vehiclesecurecommunication,comp.security,Security,0.0,"1 constraint(s) have not been satisfied
constraint=MandatoryComponents | Not all the mandatory components in the RA are used. Missing: Business_Logic_Layer",759.929346,3048
5,chatgpt,2,mapping_AadlProjects_smartparking_driver_impl_1_aaxl2.json,AadlProjects_smartparking_driver_impl_1.aaxl2,comp_system,SYSTEM,comp.business,Business_Logic_Layer,1.0,All constraints have been satisfied,699.744910,698
5,chatgpt,2,mapping_AadlProjects_smartparking_parkelecpaymt_impl_1_aaxl2.json,AadlProjects_smartparking_parkelecpaymt_impl_1.aaxl2,comp_system,SYSTEM,comp.business,Business_Logic_Layer,1.0,All constraints have been satisfied,709.367418,3514
5,chatgpt,2,mapping_AadlProjects_smartparking_parkelecpaymt_impl_1_aaxl2.json,AadlProjects_smartparking_parkelecpaymt_impl_1.aaxl2,comp_billdriver,billdriver,comp.business,Business_Logic_Layer,1.0,All constraints have been satisfied,709.367418,3514
5,chatgpt,2,mapping_AadlProjects_smartparking_parkelecpaymt_impl_1_aaxl2.json,AadlProjects_smartparking_parkelecpaymt_impl_1.aaxl2,comp_parking_cost,parking_cost,comp.business,Business_Logic_Layer,1.0,All constraints have been satisfied,709.367418,3514
5,chatgpt,2,mapping_AadlProjects_smartparking_parkelecpaymt_impl_1_aaxl2.json,AadlProjects_smartparking_parkelecpaymt_impl_1.aaxl2,comp_updateparkdata,updateparkdata,comp.data,Data_Management_Layer,1.0,All constraints have been satisfied,709.367418,3514
5,chatgpt,2,mapping_AadlProjects_smartparking_parkelecpaymt_impl_1_aaxl2.json,AadlProjects_smartparking_parkelecpaymt_impl_1.aaxl2,comp_spaces,spaces,comp.business,Business_Logic_Layer,1.0,All constraints have been satisfied,709.367418,3514
5,chatgpt,2,mapping_AadlProjects_smartparking_parkingsystem_impl_1_aaxl2.json,AadlProjects_smartparking_parkingsystem_impl_1.aaxl2,comp_paymentdeviceinterface,paymentdeviceinterface,comp.business,Business_Logic_Layer,1.0,All constraints have been satisfied,747.848087,1492
5,chatgpt,2,mapping_AadlProjects_smartparking_parkmgmt_impl_1_aaxl2.json,AadlProjects_smartparking_parkmgmt_impl_1.aaxl2,comp_system,SYSTEM,comp.business,Business_Logic_Layer,1.0,All constraints have been satisfied,715.940048,4282
5,chatgpt,2,mapping_AadlProjects_smartparking_parkmgmt_impl_1_aaxl2.json,AadlProjects_smartparking_parkmgmt_impl_1.aaxl2,comp_dynparklot,dynparklot,comp.business,Business_Logic_Layer,1.0,All constraints have been satisfied,715.940048,4282
5,chatgpt,2,mapping_AadlProjects_smartparking_parkmgmt_impl_1_aaxl2.json,AadlProjects_smartparking_parkmgmt_impl_1.aaxl2,comp_park_lot_occupancy,park_lot_occupancy,comp.business,Business_Logic_Layer,1.0,All constraints have been satisfied,715.940048,4282
5,chatgpt,2,mapping_AadlProjects_smartparking_parkmgmt_impl_1_aaxl2.json,AadlProjects_smartparking_parkmgmt_impl_1.aaxl2,comp_detectveh,detectveh,comp.business,Business_Logic_Layer,1.0,All constraints have been satisfied,715.940048,4282
5,chatgpt,2,mapping_AadlProjects_smartparking_parkmgmt_impl_1_aaxl2.json,AadlProjects_smartparking_parkmgmt_impl_1.aaxl2,comp_manageparkreserv,manageparkreserv,comp.business,Business_Logic_Layer,1.0,All constraints have been satisfied,715.940048,4282
5,chatgpt,2,mapping_AadlProjects_smartparking_parkmgmt_impl_1_aaxl2.json,AadlProjects_smartparking_parkmgmt_impl_1.aaxl2,comp_park_lot_spaces,park_lot_spaces,comp.business,Business_Logic_Layer,1.0,All constraints have been satisfied,715.940048,4282
5,chatgpt,2,mapping_AadlProjects_smartparking_parkmgmtsys_impl_1_aaxl2.json,AadlProjects_smartparking_parkmgmtsys_impl_1.aaxl2,comp_system,SYSTEM,comp.business,Business_Logic_Layer,1.0,All constraints have been satisfied,712.695878,8518
5,chatgpt,2,mapping_AadlProjects_smartparking_parkmgmtsys_impl_1_aaxl2.json,AadlProjects_smartparking_parkmgmtsys_impl_1.aaxl2,comp_parkmgmt,parkmgmt,comp.business,Business_Logic_Layer,1.0,All constraints have been satisfied,712.695878,8518
5,chatgpt,2,mapping_AadlProjects_smartparking_parkmgmtsys_impl_1_aaxl2.json,AadlProjects_smartparking_parkmgmtsys_impl_1.aaxl2,comp_dynparklot,dynparklot,comp.business,Business_Logic_Layer,1.0,All constraints have been satisfied,712.695878,8518
5,chatgpt,2,mapping_AadlProjects_smartparking_parkmgmtsys_impl_1_aaxl2.json,AadlProjects_smartparking_parkmgmtsys_impl_1.aaxl2,comp_park_lot_occupancy,park_lot_occupancy,comp.business,Business_Logic_Layer,1.0,All constraints have been satisfied,712.695878,8518
5,chatgpt,2,mapping_AadlProjects_smartparking_parkmgmtsys_impl_1_aaxl2.json,AadlProjects_smartparking_parkmgmtsys_impl_1.aaxl2,comp_detectveh,detectveh,comp.business,Business_Logic_Layer,1.0,All constraints have been satisfied,712.695878,8518
5,chatgpt,2,mapping_AadlProjects_smartparking_parkmgmtsys_impl_1_aaxl2.json,AadlProjects_smartparking_parkmgmtsys_impl_1.aaxl2,comp_manageparkreserv,manageparkreserv,comp.business,Business_Logic_Layer,1.0,All constraints have been satisfied,712.695878,8518
5,chatgpt,2,mapping_AadlProjects_smartparking_parkmgmtsys_impl_1_aaxl2.json,AadlProjects_smartparking_parkmgmtsys_impl_1.aaxl2,comp_park_lot_spaces,park_lot_spaces,comp.business,Business_Logic_Layer,1.0,All constraints have been satisfied,712.695878,8518
5,chatgpt,2,mapping_AadlProjects_smartparking_parkmgmtsys_impl_1_aaxl2.json,AadlProjects_smartparking_parkmgmtsys_impl_1.aaxl2,comp_parkelecpaymt,parkelecpaymt,comp.business,Business_Logic_Layer,1.0,All constraints have been satisfied,712.695878,8518
5,chatgpt,2,mapping_AadlProjects_smartparking_parkmgmtsys_impl_1_aaxl2.json,AadlProjects_smartparking_parkmgmtsys_impl_1.aaxl2,comp_billdriver,billdriver,comp.business,Business_Logic_Layer,1.0,All constraints have been satisfied,712.695878,8518
5,chatgpt,2,mapping_AadlProjects_smartparking_parkmgmtsys_impl_1_aaxl2.json,AadlProjects_smartparking_parkmgmtsys_impl_1.aaxl2,comp_parking_cost,parking_cost,comp.business,Business_Logic_Layer,1.0,All constraints have been satisfied,712.695878,8518
5,chatgpt,2,mapping_AadlProjects_smartparking_parkmgmtsys_impl_1_aaxl2.json,AadlProjects_smartparking_parkmgmtsys_impl_1.aaxl2,comp_updateparkdata,updateparkdata,comp.data,Data_Management_Layer,1.0,All constraints have been satisfied,712.695878,8518
5,chatgpt,2,mapping_AadlProjects_smartparking_parkmgmtsys_impl_1_aaxl2.json,AadlProjects_smartparking_parkmgmtsys_impl_1.aaxl2,comp_spaces,spaces,comp.business,Business_Logic_Layer,1.0,All constraints have been satisfied,712.695878,8518
5,chatgpt,2,mapping_AadlProjects_smartparking_persInteractvTravInfo_impl_1_aaxl2.json,AadlProjects_smartparking_persInteractvTravInfo_impl_1.aaxl2,comp_system,SYSTEM,comp.business,Business_Logic_Layer,1.0,All constraints have been satisfied,749.667463,4467
5,chatgpt,2,mapping_AadlProjects_smartparking_persInteractvTravInfo_impl_1_aaxl2.json,AadlProjects_smartparking_persInteractvTravInfo_impl_1.aaxl2,comp_personal_info,personal_info,comp.data,Data_Management_Layer,0.0,All constraints have been satisfied,749.667463,4467
5,chatgpt,2,mapping_AadlProjects_smartparking_persInteractvTravInfo_impl_1_aaxl2.json,AadlProjects_smartparking_persInteractvTravInfo_impl_1.aaxl2,comp_info_thread,info_thread,comp.presentation,Presentation_Layer,0.0,All constraints have been satisfied,749.667463,4467
5,chatgpt,2,mapping_AadlProjects_smartparking_persinfodev_impl_1_aaxl2.json,AadlProjects_smartparking_persinfodev_impl_1.aaxl2,comp_system,SYSTEM,comp.business,Business_Logic_Layer,1.0,All constraints have been satisfied,709.767132,4950
5,chatgpt,2,mapping_AadlProjects_smartparking_persinfodev_impl_1_aaxl2.json,AadlProjects_smartparking_persinfodev_impl_1.aaxl2,comp_pers_interactv_trav_info,persInteractvTravInfo,comp.presentation,Presentation_Layer,0.0,All constraints have been satisfied,709.767132,4950
5,chatgpt,2,mapping_AadlProjects_smartparking_persinfodev_impl_1_aaxl2.json,AadlProjects_smartparking_persinfodev_impl_1.aaxl2,comp_personal_info,personal_info,comp.security,Security,0.0,All constraints have been satisfied,709.767132,4950
5,chatgpt,2,mapping_AadlProjects_smartparking_persinfodev_impl_1_aaxl2.json,AadlProjects_smartparking_persinfodev_impl_1.aaxl2,comp_info_thread,info_thread,comp.business,Business_Logic_Layer,1.0,All constraints have been satisfied,709.767132,4950
5,chatgpt,2,mapping_AadlProjects_smartparking_persinfodev_impl_1_aaxl2.json,AadlProjects_smartparking_persinfodev_impl_1.aaxl2,comp_personallocmanagement,personallocmanagement,comp.business,Business_Logic_Layer,1.0,All constraints have been satisfied,709.767132,4950
5,chatgpt,2,mapping_AadlProjects_smartparking_persinfodev_impl_1_aaxl2.json,AadlProjects_smartparking_persinfodev_impl_1.aaxl2,comp_travnavmapdatabase,travnavmapdatabase,comp.data,Data_Management_Layer,1.0,All constraints have been satisfied,709.767132,4950
5,chatgpt,2,mapping_AadlProjects_smartparking_persinfodev_impl_1_aaxl2.json,AadlProjects_smartparking_persinfodev_impl_1.aaxl2,comp_driverloc,driverloc,comp.business,Business_Logic_Layer,1.0,All constraints have been satisfied,709.767132,4950
5,chatgpt,2,mapping_AadlProjects_smartparking_personallocmanagement_impl_1_aaxl2.json,AadlProjects_smartparking_personallocmanagement_impl_1.aaxl2,comp_system,SYSTEM,comp.business,Business_Logic_Layer,1.0,All constraints have been satisfied,706.195637,2091
5,chatgpt,2,mapping_AadlProjects_smartparking_personallocmanagement_impl_1_aaxl2.json,AadlProjects_smartparking_personallocmanagement_impl_1.aaxl2,comp_travnavmapdatabase,travnavmapdatabase,comp.data,Data_Management_Layer,1.0,All constraints have been satisfied,706.195637,2091
5,chatgpt,2,mapping_AadlProjects_smartparking_personallocmanagement_impl_1_aaxl2.json,AadlProjects_smartparking_personallocmanagement_impl_1.aaxl2,comp_driverloc,driverloc,comp.business,Business_Logic_Layer,1.0,All constraints have been satisfied,706.195637,2091
5,chatgpt,2,mapping_AadlProjects_smartparking_roadsideequip_impl_1_aaxl2.json,AadlProjects_smartparking_roadsideequip_impl_1.aaxl2,comp_system,SYSTEM,comp.business,Business_Logic_Layer,1.0,All constraints have been satisfied,705.075990,4229
5,chatgpt,2,mapping_AadlProjects_smartparking_roadsideequip_impl_1_aaxl2.json,AadlProjects_smartparking_roadsideequip_impl_1.aaxl2,comp_rseparkmgmt,RSEparkmgmt,comp.business,Business_Logic_Layer,1.0,All constraints have been satisfied,705.075990,4229
5,chatgpt,2,mapping_AadlProjects_smartparking_roadsideequip_impl_1_aaxl2.json,AadlProjects_smartparking_roadsideequip_impl_1.aaxl2,comp_vehdata,vehdata,comp.data,Data_Management_Layer,1.0,All constraints have been satisfied,705.075990,4229
5,chatgpt,2,mapping_AadlProjects_smartparking_roadsideequip_impl_1_aaxl2.json,AadlProjects_smartparking_roadsideequip_impl_1.aaxl2,comp_loc_identity,loc_identity,comp.business,Business_Logic_Layer,1.0,All constraints have been satisfied,705.075990,4229
5,chatgpt,2,mapping_AadlProjects_smartparking_roadsideequip_impl_1_aaxl2.json,AadlProjects_smartparking_roadsideequip_impl_1.aaxl2,comp_veh_paymt,veh_paymt,comp.business,Business_Logic_Layer,1.0,All constraints have been satisfied,705.075990,4229
5,chatgpt,2,mapping_AadlProjects_smartparking_roadsideequip_impl_1_aaxl2.json,AadlProjects_smartparking_roadsideequip_impl_1.aaxl2,comp_rsideparkcomm,Rsideparkcomm,comp.business,Business_Logic_Layer,1.0,All constraints have been satisfied,705.075990,4229
5,chatgpt,2,mapping_AadlProjects_smartparking_roadsideinforeception_impl_1_aaxl2.json,AadlProjects_smartparking_roadsideinforeception_impl_1.aaxl2,comp_vehiclelocdata,vehiclelocdata,comp.data,Data_Management_Layer,1.0,All constraints have been satisfied,710.157223,2116
5,chatgpt,2,mapping_AadlProjects_smartparking_roadsideinforeception_impl_1_aaxl2.json,AadlProjects_smartparking_roadsideinforeception_impl_1.aaxl2,comp_vehiclenavmapdatabase,vehiclenavmapdatabase,comp.data,Data_Management_Layer,1.0,All constraints have been satisfied,710.157223,2116
5,chatgpt,2,mapping_AadlProjects_smartparking_roadsideinforeception_impl_1_aaxl2.json,AadlProjects_smartparking_roadsideinforeception_impl_1.aaxl2,comp_driverpersonalreq,driverpersonalreq,comp.business,Business_Logic_Layer,1.0,All constraints have been satisfied,710.157223,2116
5,chatgpt,2,mapping_AadlProjects_smartparking_transinfoctr_impl_1_aaxl2.json,AadlProjects_smartparking_transinfoctr_impl_1.aaxl2,comp_system,SYSTEM,comp.business,Business_Logic_Layer,1.0,All constraints have been satisfied,703.302020,6299
5,chatgpt,2,mapping_AadlProjects_smartparking_transinfoctr_impl_1_aaxl2.json,AadlProjects_smartparking_transinfoctr_impl_1.aaxl2,comp_ticinteractv_trav_info,TICInteractvTravInfo,comp.presentation,Presentation_Layer,0.0,All constraints have been satisfied,703.302020,6299
5,chatgpt,2,mapping_AadlProjects_smartparking_transinfoctr_impl_1_aaxl2.json,AadlProjects_smartparking_transinfoctr_impl_1.aaxl2,comp_trav_profiles,trav_profiles,comp.business,Business_Logic_Layer,1.0,All constraints have been satisfied,703.302020,6299
5,chatgpt,2,mapping_AadlProjects_smartparking_transinfoctr_impl_1_aaxl2.json,AadlProjects_smartparking_transinfoctr_impl_1.aaxl2,comp_trav_info,trav_info,comp.business,Business_Logic_Layer,1.0,All constraints have been satisfied,703.302020,6299
5,chatgpt,2,mapping_AadlProjects_smartparking_transinfoctr_impl_1_aaxl2.json,AadlProjects_smartparking_transinfoctr_impl_1.aaxl2,comp_ticdata_coll,TICDataColl,comp.data,Data_Management_Layer,1.0,All constraints have been satisfied,703.302020,6299
5,chatgpt,2,mapping_AadlProjects_smartparking_transinfoctr_impl_1_aaxl2.json,AadlProjects_smartparking_transinfoctr_impl_1.aaxl2,comp_misctravinfo,misctravinfo,comp.business,Business_Logic_Layer,1.0,All constraints have been satisfied,703.302020,6299
5,chatgpt,2,mapping_AadlProjects_smartparking_transinfoctr_impl_1_aaxl2.json,AadlProjects_smartparking_transinfoctr_impl_1.aaxl2,comp_traff_data_trav,traff_data_trav,comp.data,Data_Management_Layer,1.0,All constraints have been satisfied,703.302020,6299
5,chatgpt,2,mapping_AadlProjects_smartparking_transinfoctr_impl_1_aaxl2.json,AadlProjects_smartparking_transinfoctr_impl_1.aaxl2,comp_trafficdata,trafficdata,comp.data,Data_Management_Layer,1.0,All constraints have been satisfied,703.302020,6299
5,chatgpt,2,mapping_AadlProjects_smartparking_transinfoctr_impl_1_aaxl2.json,AadlProjects_smartparking_transinfoctr_impl_1.aaxl2,comp_pricedata,pricedata,comp.data,Data_Management_Layer,1.0,All constraints have been satisfied,703.302020,6299
5,chatgpt,2,mapping_AadlProjects_smartparking_vehbasesafe_impl_1_aaxl2.json,AadlProjects_smartparking_vehbasesafe_impl_1.aaxl2,comp_system,SYSTEM,comp.business,Business_Logic_Layer,1.0,All constraints have been satisfied,720.284622,7211
5,chatgpt,2,mapping_AadlProjects_smartparking_vehbasesafe_impl_1_aaxl2.json,AadlProjects_smartparking_vehbasesafe_impl_1.aaxl2,comp_communicationremote,communicationremote,comp.business,Business_Logic_Layer,1.0,All constraints have been satisfied,720.284622,7211
5,chatgpt,2,mapping_AadlProjects_smartparking_vehbasesafe_impl_1_aaxl2.json,AadlProjects_smartparking_vehbasesafe_impl_1.aaxl2,comp_deviceidentity,deviceidentity,comp.security,Security,0.0,All constraints have been satisfied,720.284622,7211
5,chatgpt,2,mapping_AadlProjects_smartparking_vehbasesafe_impl_1_aaxl2.json,AadlProjects_smartparking_vehbasesafe_impl_1.aaxl2,comp_driverguidanceinterface,driverguidanceinterface,comp.presentation,Presentation_Layer,1.0,All constraints have been satisfied,720.284622,7211
5,chatgpt,2,mapping_AadlProjects_smartparking_vehbasesafe_impl_1_aaxl2.json,AadlProjects_smartparking_vehbasesafe_impl_1.aaxl2,comp_fromdriver,fromdriver,comp.business,Business_Logic_Layer,1.0,All constraints have been satisfied,720.284622,7211
5,chatgpt,2,mapping_AadlProjects_smartparking_vehbasesafe_impl_1_aaxl2.json,AadlProjects_smartparking_vehbasesafe_impl_1.aaxl2,comp_confirmation,confirmation,comp.business,Business_Logic_Layer,1.0,All constraints have been satisfied,720.284622,7211
5,chatgpt,2,mapping_AadlProjects_smartparking_vehbasesafe_impl_1_aaxl2.json,AadlProjects_smartparking_vehbasesafe_impl_1.aaxl2,comp_vehiclelocationdata,vehiclelocationdata,comp.data,Data_Management_Layer,1.0,All constraints have been satisfied,720.284622,7211
5,chatgpt,2,mapping_AadlProjects_smartparking_vehbasesafe_impl_1_aaxl2.json,AadlProjects_smartparking_vehbasesafe_impl_1.aaxl2,comp_vehicleloc,vehicleloc,comp.business,Business_Logic_Layer,1.0,All constraints have been satisfied,720.284622,7211
5,chatgpt,2,mapping_AadlProjects_smartparking_vehbasesafe_impl_1_aaxl2.json,AadlProjects_smartparking_vehbasesafe_impl_1.aaxl2,comp_driverinformationinterface,driverinformationinterface,comp.presentation,Presentation_Layer,1.0,All constraints have been satisfied,720.284622,7211
5,chatgpt,2,mapping_AadlProjects_smartparking_vehbasesafe_impl_1_aaxl2.json,AadlProjects_smartparking_vehbasesafe_impl_1.aaxl2,comp_persidentity,persidentity,comp.security,Security,0.0,All constraints have been satisfied,720.284622,7211
5,chatgpt,2,mapping_AadlProjects_smartparking_vehicleobe_impl_1_aaxl2.json,AadlProjects_smartparking_vehicleobe_impl_1.aaxl2,comp_system,SYSTEM,comp.business,Business_Logic_Layer,1.0,All constraints have been satisfied,712.462326,13491
5,chatgpt,2,mapping_AadlProjects_smartparking_vehicleobe_impl_1_aaxl2.json,AadlProjects_smartparking_vehicleobe_impl_1.aaxl2,comp_vehbasesafe,vehbasesafe,comp.security,Security,0.0,All constraints have been satisfied,712.462326,13491
5,chatgpt,2,mapping_AadlProjects_smartparking_vehicleobe_impl_1_aaxl2.json,AadlProjects_smartparking_vehicleobe_impl_1.aaxl2,comp_communicationremote,communicationremote,comp.business,Business_Logic_Layer,1.0,All constraints have been satisfied,712.462326,13491
5,chatgpt,2,mapping_AadlProjects_smartparking_vehicleobe_impl_1_aaxl2.json,AadlProjects_smartparking_vehicleobe_impl_1.aaxl2,comp_deviceidentity,deviceidentity,comp.security,Security,0.0,All constraints have been satisfied,712.462326,13491
5,chatgpt,2,mapping_AadlProjects_smartparking_vehicleobe_impl_1_aaxl2.json,AadlProjects_smartparking_vehicleobe_impl_1.aaxl2,comp_driverguidanceinterface,driverguidanceinterface,comp.presentation,Presentation_Layer,1.0,All constraints have been satisfied,712.462326,13491
5,chatgpt,2,mapping_AadlProjects_smartparking_vehicleobe_impl_1_aaxl2.json,AadlProjects_smartparking_vehicleobe_impl_1.aaxl2,comp_fromdriver,fromdriver,comp.business,Business_Logic_Layer,1.0,All constraints have been satisfied,712.462326,13491
5,chatgpt,2,mapping_AadlProjects_smartparking_vehicleobe_impl_1_aaxl2.json,AadlProjects_smartparking_vehicleobe_impl_1.aaxl2,comp_confirmation,confirmation,comp.presentation,Presentation_Layer,0.0,All constraints have been satisfied,712.462326,13491
5,chatgpt,2,mapping_AadlProjects_smartparking_vehicleobe_impl_1_aaxl2.json,AadlProjects_smartparking_vehicleobe_impl_1.aaxl2,comp_vehiclelocationdata,vehiclelocationdata,comp.data,Data_Management_Layer,1.0,All constraints have been satisfied,712.462326,13491
5,chatgpt,2,mapping_AadlProjects_smartparking_vehicleobe_impl_1_aaxl2.json,AadlProjects_smartparking_vehicleobe_impl_1.aaxl2,comp_vehicleloc,vehicleloc,comp.business,Business_Logic_Layer,1.0,All constraints have been satisfied,712.462326,13491
5,chatgpt,2,mapping_AadlProjects_smartparking_vehicleobe_impl_1_aaxl2.json,AadlProjects_smartparking_vehicleobe_impl_1.aaxl2,comp_driverinformationinterface,driverinformationinterface,comp.presentation,Presentation_Layer,1.0,All constraints have been satisfied,712.462326,13491
5,chatgpt,2,mapping_AadlProjects_smartparking_vehicleobe_impl_1_aaxl2.json,AadlProjects_smartparking_vehicleobe_impl_1.aaxl2,comp_persidentity,persidentity,comp.business,Business_Logic_Layer,1.0,All constraints have been satisfied,712.462326,13491
5,chatgpt,2,mapping_AadlProjects_smartparking_vehicleobe_impl_1_aaxl2.json,AadlProjects_smartparking_vehicleobe_impl_1.aaxl2,comp_communicationsupport,communicationsupport,comp.business,Business_Logic_Layer,1.0,All constraints have been satisfied,712.462326,13491
5,chatgpt,2,mapping_AadlProjects_smartparking_vehicleobe_impl_1_aaxl2.json,AadlProjects_smartparking_vehicleobe_impl_1.aaxl2,comp_vehiclesecurecommunication,vehiclesecurecommunication,comp.security,Security,0.0,All constraints have been satisfied,712.462326,13491
5,chatgpt,2,mapping_AadlProjects_smartparking_vehicleobe_impl_1_aaxl2.json,AadlProjects_smartparking_vehicleobe_impl_1.aaxl2,comp_parkingsystem,parkingsystem,comp.business,Business_Logic_Layer,1.0,All constraints have been satisfied,712.462326,13491
5,chatgpt,2,mapping_AadlProjects_smartparking_vehicleobe_impl_1_aaxl2.json,AadlProjects_smartparking_vehicleobe_impl_1.aaxl2,comp_paymentdeviceinterface,paymentdeviceinterface,comp.business,Business_Logic_Layer,1.0,All constraints have been satisfied,712.462326,13491
5,chatgpt,2,mapping_AadlProjects_smartparking_vehicleobe_impl_1_aaxl2.json,AadlProjects_smartparking_vehicleobe_impl_1.aaxl2,comp_roadsideinforeception,roadsideinforeception,comp.business,Business_Logic_Layer,1.0,All constraints have been satisfied,712.462326,13491
5,chatgpt,2,mapping_AadlProjects_smartparking_vehicleobe_impl_1_aaxl2.json,AadlProjects_smartparking_vehicleobe_impl_1.aaxl2,comp_vehiclelocdata,vehiclelocdata,comp.data,Data_Management_Layer,1.0,All constraints have been satisfied,712.462326,13491
5,chatgpt,2,mapping_AadlProjects_smartparking_vehicleobe_impl_1_aaxl2.json,AadlProjects_smartparking_vehicleobe_impl_1.aaxl2,comp_vehiclenavmapdatabase,vehiclenavmapdatabase,comp.data,Data_Management_Layer,1.0,All constraints have been satisfied,712.462326,13491
5,chatgpt,2,mapping_AadlProjects_smartparking_vehicleobe_impl_1_aaxl2.json,AadlProjects_smartparking_vehicleobe_impl_1.aaxl2,comp_driverpersonalreq,driverpersonalreq,comp.business,Business_Logic_Layer,1.0,All constraints have been satisfied,712.462326,13491
5,chatgpt,2,mapping_AadlProjects_vtv_VehicleTransitSystem_impl_1_aaxl2.json,AadlProjects_vtv_VehicleTransitSystem_impl_1.aaxl2,comp_transit_vehicle_databus,transitVehicleDatabus,comp.data,Data_Management_Layer,1.0,All constraints have been satisfied,708.096058,8497
5,chatgpt,2,mapping_AadlProjects_vtv_VehicleTransitSystem_impl_1_aaxl2.json,AadlProjects_vtv_VehicleTransitSystem_impl_1.aaxl2,comp_roadside_equip,RoadsideEquip,comp.business,Business_Logic_Layer,0.0,All constraints have been satisfied,708.096058,8497
5,chatgpt,2,mapping_AadlProjects_vtv_VehicleTransitSystem_impl_1_aaxl2.json,AadlProjects_vtv_VehicleTransitSystem_impl_1.aaxl2,comp_itsroadequip,itsroadequip,comp.business,Business_Logic_Layer,0.0,All constraints have been satisfied,708.096058,8497
5,chatgpt,2,mapping_AadlProjects_vtv_VehicleTransitSystem_impl_1_aaxl2.json,AadlProjects_vtv_VehicleTransitSystem_impl_1.aaxl2,comp_transvobe,transvobe,comp.business,Business_Logic_Layer,1.0,All constraints have been satisfied,708.096058,8497
5,chatgpt,2,mapping_AadlProjects_vtv_VehicleTransitSystem_impl_1_aaxl2.json,AadlProjects_vtv_VehicleTransitSystem_impl_1.aaxl2,comp_transv2vsafety,transv2vsafety,comp.security,Security,0.0,All constraints have been satisfied,708.096058,8497
5,chatgpt,2,mapping_AadlProjects_vtv_VehicleTransitSystem_impl_1_aaxl2.json,AadlProjects_vtv_VehicleTransitSystem_impl_1.aaxl2,comp_status,status,comp.business,Business_Logic_Layer,1.0,All constraints have been satisfied,708.096058,8497
5,chatgpt,2,mapping_AadlProjects_vtv_VehicleTransitSystem_impl_1_aaxl2.json,AadlProjects_vtv_VehicleTransitSystem_impl_1.aaxl2,comp_op_ctrl,op_ctrl,comp.business,Business_Logic_Layer,1.0,All constraints have been satisfied,708.096058,8497
5,chatgpt,2,mapping_AadlProjects_vtv_VehicleTransitSystem_impl_1_aaxl2.json,AadlProjects_vtv_VehicleTransitSystem_impl_1.aaxl2,comp_loc_ctrl,loc_ctrl,comp.business,Business_Logic_Layer,1.0,All constraints have been satisfied,708.096058,8497
5,chatgpt,2,mapping_AadlProjects_vtv_VehicleTransitSystem_impl_1_aaxl2.json,AadlProjects_vtv_VehicleTransitSystem_impl_1.aaxl2,comp_thp,thp,comp.business,Business_Logic_Layer,1.0,All constraints have been satisfied,708.096058,8497
5,chatgpt,2,mapping_AadlProjects_vtv_VehicleTransitSystem_impl_1_aaxl2.json,AadlProjects_vtv_VehicleTransitSystem_impl_1.aaxl2,comp_thl,thl,comp.business,Business_Logic_Layer,1.0,All constraints have been satisfied,708.096058,8497
5,chatgpt,2,mapping_AadlProjects_vtv_VehicleTransitSystem_impl_1_aaxl2.json,AadlProjects_vtv_VehicleTransitSystem_impl_1.aaxl2,comp_remote_vehicle_obe,remoteVehicleOBE,comp.business,Business_Logic_Layer,1.0,All constraints have been satisfied,708.096058,8497
5,chatgpt,2,mapping_AadlProjects_vtv_VehicleTransitSystem_impl_1_aaxl2.json,AadlProjects_vtv_VehicleTransitSystem_impl_1.aaxl2,comp_trans_operator,transOperator,comp.business,Business_Logic_Layer,1.0,All constraints have been satisfied,708.096058,8497
5,chatgpt,2,mapping_AadlProjects_vtv_remoteVehicleOBE_impl_1_aaxl2.json,AadlProjects_vtv_remoteVehicleOBE_impl_1.aaxl2,comp_system,SYSTEM,comp.business,Business_Logic_Layer,1.0,All constraints have been satisfied,703.283562,701
5,chatgpt,2,mapping_AadlProjects_vtv_transOperator_impl_1_aaxl2.json,AadlProjects_vtv_transOperator_impl_1.aaxl2,comp_system,SYSTEM,comp.business,Business_Logic_Layer,1.0,All constraints have been satisfied,702.886655,694
5,chatgpt,2,mapping_AadlProjects_vtv_transvobe_impl_1_aaxl2.json,AadlProjects_vtv_transvobe_impl_1.aaxl2,comp_system,SYSTEM,comp.business,Business_Logic_Layer,1.0,All constraints have been satisfied,705.262798,4915
5,chatgpt,2,mapping_AadlProjects_vtv_transvobe_impl_1_aaxl2.json,AadlProjects_vtv_transvobe_impl_1.aaxl2,comp_transv2vsafety,transv2vsafety,comp.security,Security,0.0,All constraints have been satisfied,705.262798,4915
5,chatgpt,2,mapping_AadlProjects_vtv_transvobe_impl_1_aaxl2.json,AadlProjects_vtv_transvobe_impl_1.aaxl2,comp_status,status,comp.business,Business_Logic_Layer,1.0,All constraints have been satisfied,705.262798,4915
5,chatgpt,2,mapping_AadlProjects_vtv_transvobe_impl_1_aaxl2.json,AadlProjects_vtv_transvobe_impl_1.aaxl2,comp_op_ctrl,op_ctrl,comp.business,Business_Logic_Layer,1.0,All constraints have been satisfied,705.262798,4915
5,chatgpt,2,mapping_AadlProjects_vtv_transvobe_impl_1_aaxl2.json,AadlProjects_vtv_transvobe_impl_1.aaxl2,comp_loc_ctrl,loc_ctrl,comp.business,Business_Logic_Layer,1.0,All constraints have been satisfied,705.262798,4915
5,chatgpt,2,mapping_AadlProjects_vtv_transvobe_impl_1_aaxl2.json,AadlProjects_vtv_transvobe_impl_1.aaxl2,comp_thp,thp,comp.business,Business_Logic_Layer,1.0,All constraints have been satisfied,705.262798,4915
5,chatgpt,2,mapping_AadlProjects_vtv_transvobe_impl_1_aaxl2.json,AadlProjects_vtv_transvobe_impl_1.aaxl2,comp_thl,thl,comp.business,Business_Logic_Layer,1.0,All constraints have been satisfied,705.262798,4915
5,chatgpt,2,mapping_ParkingProject_parking_system_parking_simple_1_aaxl2.json,ParkingProject_parking_system_parking_simple_1.aaxl2,comp_vme,VME,comp.business,Business_Logic_Layer,0.0,All constraints have been satisfied,707.669782,18499
5,chatgpt,2,mapping_ParkingProject_parking_system_parking_simple_1_aaxl2.json,ParkingProject_parking_system_parking_simple_1.aaxl2,comp_camera_in,camera_in,comp.business,Business_Logic_Layer,0.0,All constraints have been satisfied,707.669782,18499
5,chatgpt,2,mapping_ParkingProject_parking_system_parking_simple_1_aaxl2.json,ParkingProject_parking_system_parking_simple_1.aaxl2,comp_camera_out,camera_out,comp.business,Business_Logic_Layer,0.0,All constraints have been satisfied,707.669782,18499
5,chatgpt,2,mapping_ParkingProject_parking_system_parking_simple_1_aaxl2.json,ParkingProject_parking_system_parking_simple_1.aaxl2,comp_gate_in,gate_in,comp.business,Business_Logic_Layer,0.0,All constraints have been satisfied,707.669782,18499
5,chatgpt,2,mapping_ParkingProject_parking_system_parking_simple_1_aaxl2.json,ParkingProject_parking_system_parking_simple_1.aaxl2,comp_gate_out,gate_out,comp.business,Business_Logic_Layer,0.0,All constraints have been satisfied,707.669782,18499
5,chatgpt,2,mapping_ParkingProject_parking_system_parking_simple_1_aaxl2.json,ParkingProject_parking_system_parking_simple_1.aaxl2,comp_inductive_loop_in,inductive_loop_in,comp.business,Business_Logic_Layer,0.0,All constraints have been satisfied,707.669782,18499
5,chatgpt,2,mapping_ParkingProject_parking_system_parking_simple_1_aaxl2.json,ParkingProject_parking_system_parking_simple_1.aaxl2,comp_inductive_loop_out,inductive_loop_out,comp.business,Business_Logic_Layer,0.0,All constraints have been satisfied,707.669782,18499
5,chatgpt,2,mapping_ParkingProject_parking_system_parking_simple_1_aaxl2.json,ParkingProject_parking_system_parking_simple_1.aaxl2,comp_gate_loop_in,gate_loop_in,comp.business,Business_Logic_Layer,0.0,All constraints have been satisfied,707.669782,18499
5,chatgpt,2,mapping_ParkingProject_parking_system_parking_simple_1_aaxl2.json,ParkingProject_parking_system_parking_simple_1.aaxl2,comp_gate_loop_out,gate_loop_out,comp.business,Business_Logic_Layer,0.0,All constraints have been satisfied,707.669782,18499
5,chatgpt,2,mapping_ParkingProject_parking_system_parking_simple_1_aaxl2.json,ParkingProject_parking_system_parking_simple_1.aaxl2,comp_check_out,check_out,comp.business,Business_Logic_Layer,0.0,All constraints have been satisfied,707.669782,18499
5,chatgpt,2,mapping_ParkingProject_parking_system_parking_simple_1_aaxl2.json,ParkingProject_parking_system_parking_simple_1.aaxl2,comp_board,board,comp.business,Business_Logic_Layer,0.0,All constraints have been satisfied,707.669782,18499
5,chatgpt,2,mapping_ParkingProject_parking_system_parking_simple_1_aaxl2.json,ParkingProject_parking_system_parking_simple_1.aaxl2,comp_parking_slot1,parking_slot1,comp.business,Business_Logic_Layer,1.0,All constraints have been satisfied,707.669782,18499
5,chatgpt,2,mapping_ParkingProject_parking_system_parking_simple_1_aaxl2.json,ParkingProject_parking_system_parking_simple_1.aaxl2,comp_parking_slot2,parking_slot2,comp.business,Business_Logic_Layer,1.0,All constraints have been satisfied,707.669782,18499
5,chatgpt,2,mapping_ParkingProject_parking_system_parking_simple_1_aaxl2.json,ParkingProject_parking_system_parking_simple_1.aaxl2,comp_parking_slot3,parking_slot3,comp.business,Business_Logic_Layer,1.0,All constraints have been satisfied,707.669782,18499
5,chatgpt,2,mapping_ParkingProject_parking_system_parking_simple_1_aaxl2.json,ParkingProject_parking_system_parking_simple_1.aaxl2,comp_ram,RAM,comp.data,Data_Management_Layer,1.0,All constraints have been satisfied,707.669782,18499
5,chatgpt,2,mapping_ParkingProject_parking_system_parking_simple_1_aaxl2.json,ParkingProject_parking_system_parking_simple_1.aaxl2,comp_main,main,comp.business,Business_Logic_Layer,1.0,All constraints have been satisfied,707.669782,18499
5,chatgpt,2,mapping_ParkingProject_parking_system_parking_simple_1_aaxl2.json,ParkingProject_parking_system_parking_simple_1.aaxl2,comp_inductive_loop_in_thread,inductive_loop_in_thread,comp.business,Business_Logic_Layer,1.0,All constraints have been satisfied,707.669782,18499
5,chatgpt,2,mapping_ParkingProject_parking_system_parking_simple_1_aaxl2.json,ParkingProject_parking_system_parking_simple_1.aaxl2,comp_plates_data_thread,plates_data_thread,comp.data,Data_Management_Layer,1.0,All constraints have been satisfied,707.669782,18499
5,chatgpt,2,mapping_ParkingProject_parking_system_parking_simple_1_aaxl2.json,ParkingProject_parking_system_parking_simple_1.aaxl2,comp_car_passed_entry_thread,car_passed_entry_thread,comp.business,Business_Logic_Layer,1.0,All constraints have been satisfied,707.669782,18499
5,chatgpt,2,mapping_ParkingProject_parking_system_parking_simple_1_aaxl2.json,ParkingProject_parking_system_parking_simple_1.aaxl2,comp_car_parked_thread,car_parked_thread,comp.business,Business_Logic_Layer,1.0,All constraints have been satisfied,707.669782,18499
5,chatgpt,2,mapping_ParkingProject_parking_system_parking_simple_1_aaxl2.json,ParkingProject_parking_system_parking_simple_1.aaxl2,comp_car_moved_thread,car_moved_thread,comp.business,Business_Logic_Layer,1.0,All constraints have been satisfied,707.669782,18499
5,chatgpt,2,mapping_ParkingProject_parking_system_parking_simple_1_aaxl2.json,ParkingProject_parking_system_parking_simple_1.aaxl2,comp_inductive_loop_out_thread,inductive_loop_out_thread,comp.business,Business_Logic_Layer,1.0,All constraints have been satisfied,707.669782,18499
5,chatgpt,2,mapping_ParkingProject_parking_system_parking_simple_1_aaxl2.json,ParkingProject_parking_system_parking_simple_1.aaxl2,comp_calculate_price,calculate_price,comp.business,Business_Logic_Layer,1.0,All constraints have been satisfied,707.669782,18499
5,chatgpt,2,mapping_ParkingProject_parking_system_parking_simple_1_aaxl2.json,ParkingProject_parking_system_parking_simple_1.aaxl2,comp_open_gate_out_thread,open_gate_out_thread,comp.business,Business_Logic_Layer,1.0,All constraints have been satisfied,707.669782,18499
5,chatgpt,2,mapping_ParkingProject_parking_system_parking_simple_1_aaxl2.json,ParkingProject_parking_system_parking_simple_1.aaxl2,comp_car_passed_exit_thread,car_passed_exit_thread,comp.business,Business_Logic_Layer,1.0,All constraints have been satisfied,707.669782,18499
5,chatgpt,2,mapping_ParkingProject_parking_system_parking_simple_1_aaxl2.json,ParkingProject_parking_system_parking_simple_1.aaxl2,comp_cpu,cpu,comp.data,Data_Management_Layer,1.0,All constraints have been satisfied,707.669782,18499
